,0
0,abducting
1,abiding
2,abolishing
3,absconding
4,abusing
5,accelerating
6,accepting
7,accommodating
8,accomplishing
9,accumulating
10,accusing
11,achieving
12,acquiring
13,acting
14,activating
15,adapting
16,adding
17,addressing
18,adjusting
19,administering
20,admiring
21,admitting
22,adopting
23,advancing
24,advertising
25,advising
26,advocating
27,affording
28,agreeing
29,aiding
30,aiding
31,aiming
32,alerting
33,alighting
34,aligning
35,allocating
36,allowing
37,altering
38,amending
39,amusing
40,analyzing
41,announcing
42,annoying
43,answering
44,anticipating
45,apologizing
46,appearing
47,applauding
48,applying
49,appointing
50,appraising
51,appreciating
52,apprehending
53,approaching
54,appropriating
55,approving
56,arbitrating
57,arguing
58,arising
59,arranging
60,arresting
61,arriving
62,articulating
63,ascertaining
64,asking
65,assaulting
66,assembling
67,assessing
68,assigning
69,assisting
70,assuming
71,assuring
72,attaching
73,attacking
74,attaining
75,attempting
76,attending
77,attracting
78,auditing
79,augmenting
80,authorring
81,authorizing
82,automating
83,averting
84,avoiding
85,awaking
86,awarding
87,backing
88,baking
89,balancing
90,banning
91,banging
92,barring
93,baring
94,bargaining
95,batting
96,bathing
97,battling
98,being
99,beaming
100,bearing
101,beating
102,becoming
103,begging
104,beginning
105,behaving
106,beholding
107,belonging
108,bending
109,berating
110,besetting
111,betting
112,bidding
113,binding
114,biting
115,blasting
116,bleaching
117,bleeding
118,blessing
119,blinding
120,blinking
121,blocking
122,blotting
123,blowing
124,blushing
125,boasting
126,boiling
127,bolstering
128,bolting
129,bombing
130,booking
131,boosting
132,boring
133,borrowing
134,buying
135,bouncing
136,bowing
137,boxing
138,braking
139,branching
140,breaking
141,breathing
142,breeding
143,briefing
144,brightening
145,bringing
146,broadcasting
147,broadening
148,breaking
149,bruising
150,brushing
151,bubbling
152,bucking
153,budgeting
154,building
155,building
156,bumping
157,burning
158,bursting
159,burying
160,bushwhacking
161,busting
162,buying
163,buzzing
164,calculating
165,calibrating
166,calling
167,camping
168,canvassing
169,capturing
170,caring
171,carrying
172,carving
173,casting
174,catalogging
175,cataloguing
176,catching
177,categorizing
178,catering
179,centralizing
180,chairing
181,challenging
182,changing
183,charging
184,charting
185,chasing
186,cheating
187,checking
188,cheering
189,chewing
190,choking
191,choosing
192,chopping
193,claiming
194,clapping
195,clarifying
196,clashing
197,classifying
198,cleaning
199,clearing
200,climbing
201,clinging
202,clipping
203,closing
204,clothing
205,clutching
206,coaching
207,coding
208,coiling
209,collaborating
210,collapsing
211,collaring
212,collating
213,collecting
214,colliding
215,colorring
216,combing
217,combining
218,coming
219,comforting
220,commanding
221,commandeering
222,commencing
223,communicating
224,comparing
225,competing
226,compiling
227,complaining
228,completing
229,composing
230,computing
231,conceiving
232,concentrating
233,conceptualizing
234,concerning
235,conciliating
236,concluding
237,condensing
238,conducting
239,conferring
240,confessing
241,confirming
242,confronting
243,confusing
244,connecting
245,conserving
246,considering
247,consisting
248,consolidating
249,constructing
250,consulting
251,contacting
252,containing
253,continuing
254,contracting
255,contributing
256,controlling
257,converting
258,conveying
259,convincing
260,cooperating
261,cooperating
262,coordinating
263,copying
264,correcting
265,correlating
266,corresponding
267,costing
268,coughing
269,counselling
270,counting
271,covering
272,cracking
273,cramming
274,crashing
275,crawling
276,creating
277,creeping
278,crippling
279,critiqueing
280,crossing
281,crouching
282,crushing
283,crying
284,cultivating
285,curing
286,curling
287,curving
288,customizing
289,cutting
290,cycling
291,damming
292,damaging
293,dancing
294,daring
295,darting
296,dashing
297,dealing
298,debating
299,debugging
300,decaying
301,deceiving
302,deciding
303,decking
304,decorating
305,decreasing
306,dedicating
307,deducing
308,deducting
309,defending
310,deferring
311,defining
312,delaying
313,delegating
314,delighting
315,delineating
316,delivering
317,demonstrating
318,depending
319,depicting
320,depreciating
321,deriving
322,descending
323,describing
324,deserting
325,deserving
326,designing
327,destroying
328,detailing
329,detecting
330,determining
331,developing
332,devising
333,devoting
334,diagnosing
335,diagramming
336,dictating
337,differentiating
338,digging
339,directing
340,disagreeing
341,disappearing
342,disapproving
343,disarming
344,discarding
345,discharging
346,disclosing
347,discovering
348,discriminating
349,discussing
350,disliking
351,dispatching
352,dispensing
353,displaying
354,disproving
355,dissecting
356,disseminating
357,distinguishing
358,distributing
359,ditching
360,diving
361,diversifying
362,diverting
363,dividing
364,doing
365,documenting
366,dodging
367,dominating
368,doping
369,doubling
370,doubting
371,dousing
372,banking
373,dragging
374,draining
375,dramatizing
376,draping
377,drawing
378,dreaming
379,dressing
380,drawing
381,drilling
382,drinking
383,dripping
384,driving
385,dropping
386,drowning
387,drugging
388,drumming
389,drying
390,duelling
391,dunking
392,dusting
393,dwelling
394,earning
395,easing
396,eating
397,edging
398,editing
399,educating
400,effecting
401,ejecting
402,electing
403,elevating
404,eliciting
405,eliminating
406,eloping
407,eluding
408,embarrassing
409,emerging
410,emphasizing
411,employing
412,emptying
413,enabling
414,enacting
415,encouraging
416,ending
417,enduring
418,enforcing
419,engaging
420,engineering
421,enhancing
422,enjoining
423,enjoying
424,enlarging
425,enlightening
426,enlisting
427,enriching
428,ensnaring
429,ensuring
430,entering
431,entertaining
432,enumerating
433,equipping
434,erupting
435,scaping
436,establishing
437,estimating
438,evacuating
439,evading
440,evaluating
441,evicting
442,examining
443,exceeding
444,exchanging
445,exciting
446,excusing
447,executing
448,exercising
449,exerting
450,exhaling
451,exhibiting
452,existing
453,exiting
454,expanding
455,expecting
456,expediting
457,expelling
458,experimenting
459,explaining
460,exploding
461,exploring
462,exposing
463,expressing
464,extending
465,extirpating
466,extracting
467,extrapolating
468,extricating
469,fabricating
470,facing
471,facilitating
472,fading
473,failing
474,faking
475,falling
476,faltering
477,familiarizing
478,fanning
479,fancying
480,fashioning
481,fasting
482,fastening
483,faxing
484,fearing
485,feeing
486,feeling
487,fencing
488,fending
489,fetching
490,fighting
491,filing
492,filling
493,filming
494,filtering
495,finalizing
496,financing
497,finding
498,fine-tuning
499,fingering
500,firing
501,fitting
502,fixing
503,flagging
504,flapping
505,flashing
506,flattening
507,flaunting
508,flaying
509,fleeing
510,flicking
511,flinching
512,flinging
513,flipping
514,flitting
515,floating
516,flogging
517,flooding
518,floundering
519,flouting
520,flowing
521,flowering
522,flushing
523,flying
524,focussing
525,folding
526,following
527,fondling
528,fooling
529,forbidding
530,forcing
531,forecasting
532,foregoing
533,foreseeing
534,foretelling
535,forgetting
536,forgiving
537,forming
538,formulating
539,fornicating
540,forsaking
541,fortifying
542,forwarding
543,fostering
544,finding
545,framing
546,freezing
547,frightening
548,frying
549,fumbling
550,funding
551,furnishing
552,furthering
553,gaining
554,galloping
555,gathering
556,gauging
557,gazing
558,generating
559,gesturing
560,getting
561,giving
562,glowing
563,gluing
564,gnawing
565,going
566,gossipping
567,gouging
568,governing
569,grabbing
570,grading
571,graduating
572,granting
573,grappling
574,grasping
575,grating
576,greasing
577,greeting
578,grinning
579,grinding
580,gripping
581,griping
582,groaning
583,groping
584,growing
585,growling
586,grunting
587,guaranteeing
588,guarding
589,guessing
590,guiding
591,gyrating
592,hacking
593,hailing
594,hammering
595,handing
596,handling
597,handwriting
598,hanging
599,happening
600,harassing
601,harming
602,hating
603,hauling
604,haunting
605,heading
606,healing
607,heaping
608,hearing
609,heating
610,helping
611,hesitating
612,hiding
613,highlighting
614,hijacking
615,hiring
616,hitting
617,hitching
618,hobbling
619,hoisting
620,holding
621,hooking
622,hopping
623,hoping
624,hosting
625,hovering
626,hugging
627,humming
628,hunting
629,hurling
630,hurrying
631,hurting
632,hurtling
633,hypothesizing
634,identifying
635,ignoring
636,illustrating
637,imagining
638,imitating
639,imparting
640,implementing
641,importing
642,impressing
643,improving
644,improvising
645,inching
646,including
647,incorporating
648,increasing
649,indexing
650,indicting
651,individualizing
652,inducing
653,inflicting
654,influencing
655,informing
656,initiating
657,injecting
658,injuring
659,inlaying
660,innovating
661,inputting
662,inserting
663,inspecting
664,inspiring
665,installing
666,instigating
667,instituting
668,instructing
669,insuring
670,integrating
671,intending
672,intensifying
673,interacting
674,interchanging
675,interesting
676,interfacing
677,interfering
678,interlaying
679,interpreting
680,interrupting
681,intervening
682,interviewing
683,introducing
684,invading
685,inventing
686,inventorying
687,investigating
688,inviting
689,involving
690,irritating
691,isolating
692,itching
693,jabbing
694,jailing
695,jamming
696,jarring
697,jeering
698,jerking
699,jimmying
700,jingling
701,jogging
702,joining
703,joking
704,jolting
705,judging
706,juggling
707,jumping
708,justifying
709,keeling
710,keeping
711,keeping
712,kibitzing
713,kicking
714,kidnapping
715,killing
716,kissing
717,kneeling
718,knifing
719,knitting
720,knocking
721,knotting
722,knowing
723,labelling
724,landing
725,lashing
726,laughing
727,launching
728,laying
729,leading
730,leading
731,leaning
732,leaping
733,learning
734,leaving
735,lecturing
736,lefting
737,lending
738,letting
739,levelling
740,licensing
741,licking
742,lying
743,lifting
744,lighting
745,lightening
746,limping
747,liquidating
748,listing
749,listening
750,litigating
751,living
752,loading
753,lobbying
754,localizing
755,locating
756,locking
757,logging
758,longing
759,looking
760,losing
761,loving
762,lunging
763,lurching
764,maiming
765,maintaining
766,making
767,manning
768,managing
769,mangling
770,manipulating
771,manufacturing
772,mapping
773,marching
774,marking
775,marketing
776,marrying
777,massaging
778,mastering
779,matching
780,mating
781,mattering
782,mauling
783,maximizing
784,meaning
785,measuring
786,mechanizing
787,meddling
788,mediating
789,meeting
790,melting
791,melting
792,memorizing
793,mending
794,mentorring
795,merging
796,methodizing
797,milking
798,mimicking
799,mining
800,mingling
801,minimizing
802,misleading
803,missing
804,misspelling
805,mistaking
806,misunderstanding
807,mixing
808,moaning
809,mobilizing
810,mocking
811,modelling
812,moderating
813,modernizing
814,modifying
815,molesting
816,monitoring
817,mooring
818,motivating
819,mourning
820,moving
821,mowing
822,muddling
823,mugging
824,multiplying
825,mumbling
826,murdering
827,mustering
828,mutilating
829,nabbing
830,nagging
831,nailing
832,naming
833,narrating
834,navigating
835,needling
836,negotiating
837,nesting
838,nicking
839,nipping
840,nodding
841,nominating
842,normalizing
843,noting
844,noticing
845,notifying
846,numbing
847,nursing
848,nurturing
849,obeying
850,objecting
851,observing
852,obtaining
853,occupying
854,occurring
855,offending
856,offering
857,officiating
858,offsetting
859,opening
860,operating
861,orchestrating
862,ordering
863,organizing
864,orienting
865,orientating
866,originating
867,outlining
868,overcoming
869,overdoing
870,overdrawing
871,overflowing
872,overhauling
873,overhearing
874,overseeing
875,overseeing
876,overtaking
877,overthrowing
878,owing
879,owning
880,packing
881,packaging
882,paddling
883,paging
884,painting
885,pandering
886,panicking
887,parachuting
888,parading
889,paralyzing
890,parking
891,parrying
892,parting
893,participating
894,partying
895,passing
896,pasting
897,patting
898,patrolling
899,pausing
900,pawing
901,paying
902,pecking
903,pedaling
904,peeling
905,peeping
906,penetrating
907,perceiving
908,perfecting
909,performing
910,permitting
911,persuading
912,phoning
913,photographing
914,picking
915,picketing
916,piling
917,piloting
918,pinning
919,pinching
920,pining
921,pinpointing
922,pioneering
923,pirating
924,pitching
925,placating
926,placing
927,planning
928,planting
929,playing
930,pleading
931,pleasing
932,plodding
933,plowing
934,pluging
935,plunging
936,pocketing
937,pointing
938,poking
939,polishing
940,popping
941,poring
942,posing
943,possessing
944,posting
945,pouncing
946,pouring
947,pouting
948,practicing
949,praising
950,praying
951,preaching
952,preceding
953,predicting
954,preening
955,preferring
956,preparing
957,prescribing
958,presenting
959,preserving
960,presetting
961,presiding
962,pressing
963,pretending
964,preventing
965,pricking
966,primping
967,printing
968,prioritizing
969,probing
970,processing
971,procuring
972,prodding
973,producing
974,professing
975,programming
976,progressing
977,projecting
978,promising
979,promoting
980,prompting
981,proofreading
982,propelling
983,proposing
984,protecting
985,proving
986,providing
987,provoking
988,prying
989,publicizing
990,publishing
991,pulling
992,pummelling
993,pumping
994,punching
995,puncturing
996,punishing
997,purchasing
998,pursuing
999,pushing
1000,putting
1001,qualifying
1002,quantifying
1003,questioning
1004,queueing
1005,quitting
1006,quoting
1007,racing
1008,radiating
1009,raiding
1010,raining
1011,raising
1012,rallying
1013,ramming
1014,running
1015,ranking
1016,ransacking
1017,raping
1018,rating
1019,rattling
1020,ravaging
1021,raving
1022,reaching
1023,reading
1024,realigning
1025,realizing
1026,reasoning
1027,recalling
1028,receiving
1029,reclining
1030,recognizing
1031,recommending
1032,reconciling
1033,reconnoiterring
1034,recording
1035,recouping
1036,recreating
1037,recruiting
1038,rectifying
1039,redeeming
1040,reducing
1041,reeling
1042,referring
1043,refining
1044,reflecting
1045,refusing
1046,regaining
1047,registering
1048,regretting
1049,regulating
1050,rehabilitating
1051,reigning
1052,reinforcing
1053,rejecting
1054,rejoicing
1055,rejoining
1056,relating
1057,relaxing
1058,releasing
1059,relenting
1060,relying
1061,remaining
1062,remembering
1063,reminding
1064,remodeling
1065,removing
1066,rendering
1067,renewing
1068,reorganizing
1069,repairing
1070,repeating
1071,repelling
1072,replacing
1073,replying
1074,reporting
1075,representing
1076,reproducing
1077,repulsing
1078,requesting
1079,rescuing
1080,researching
1081,reserving
1082,resigning
1083,resisting
1084,resolving
1085,responding
1086,restoring
1087,restricting
1088,restructuring
1089,retaining
1090,retaliating
1091,retiring
1092,retreating
1093,retrieving
1094,returning
1095,revamping
1096,revealing
1097,reviewing
1098,revising
1099,revitalizing
1100,rhyming
1101,ridding
1102,riding
1103,ringing
1104,rinsing
1105,ripping
1106,rising
1107,risking
1108,robbing
1109,rocking
1110,rolling
1111,rotting
1112,routing
1113,rubbing
1114,ruining
1115,ruling
1116,running
1117,rushing
1118,sacking
1119,sailing
1120,saluting
1121,sampling
1122,sapping
1123,satisfying
1124,saving
1125,seeing
1126,saying
1127,scaling
1128,scampering
1129,scanning
1130,scaring
1131,scattering
1132,scavenging
1133,scheduling
1134,scolding
1135,scooping
1136,scooting
1137,scorching
1138,scoring
1139,scouring
1140,scouting
1141,scraping
1142,scratching
1143,scrawling
1144,screaming
1145,screening
1146,screwing
1147,scribbling
1148,scripting
1149,scrubbing
1150,scruffing
1151,scrutinizing
1152,scuffling
1153,sculpting
1154,scuttling
1155,sealing
1156,searching
1157,securing
1158,seducing
1159,seeing
1160,seeking
1161,segmenting
1162,seizing
1163,selecting
1164,selling
1165,sending
1166,sensing
1167,separating
1168,serving
1169,servicing
1170,setting
1171,settling
1172,severing
1173,sewing
1174,shading
1175,shaking
1176,shanghaiing
1177,shaping
1178,sharing
1179,sharpening
1180,shaving
1181,shearing
1182,shedding
1183,shelling
1184,sheltering
1185,shielding
1186,shifting
1187,shining
1188,shivering
1189,shocking
1190,shoeing
1191,shooting
1192,shopping
1193,shortening
1194,shouting
1195,shoving
1196,shovelling
1197,showing
1198,shrinking
1199,shrugging
1200,shunning
1201,shutting
1202,sidestepping
1203,sighing
1204,signing
1205,signalling
1206,simplifying
1207,simulating
1208,sinning
1209,singing
1210,sinking
1211,sipping
1212,sitting
1213,sizing
1214,sketching
1215,skiing
1216,skidding
1217,skimming
1218,skipping
1219,skirting
1220,slackening
1221,slamming
1222,slapping
1223,slashing
1224,slaying
1225,sleeping
1226,sliding
1227,slinging
1228,slinking
1229,slipping
1230,slitting
1231,slowing
1232,slugging
1233,smacking
1234,smashing
1235,smearing
1236,smelling
1237,smiling
1238,smiting
1239,smoking
1240,smuggling
1241,snapping
1242,snaring
1243,snarling
1244,snatching
1245,sneaking
1246,sneezing
1247,snickering
1248,sniffing
1249,snitching
1250,snooping
1251,snoring
1252,snowing
1253,snubbing
1254,snuffing
1255,snuggling
1256,soaking
1257,socking
1258,soiling
1259,selling
1260,soliciting
1261,solving
1262,soothing
1263,soothsaying
1264,sorting
1265,sounding
1266,sowing
1267,sparing
1268,sparking
1269,sparkling
1270,speaking
1271,spearing
1272,spearheading
1273,specializing
1274,specifying
1275,speeding
1276,spelling
1277,spending
1278,spiking
1279,spilling
1280,spinning
1281,spitting
1282,splattering
1283,splicing
1284,splitting
1285,spoiling
1286,speaking
1287,spotting
1288,spraying
1289,spreading
1290,springing
1291,sprinting
1292,sprouting
1293,spurning
1294,spying
1295,squashing
1296,squeaking
1297,squealing
1298,squeezing
1299,stacking
1300,staging
1301,staggering
1302,staining
1303,stamping
1304,standing
1305,standardizing
1306,staring
1307,starting
1308,startling
1309,staying
1310,stealing
1311,steering
1312,stepping
1313,sticking
1314,stiffening
1315,stifling
1316,stimulating
1317,stinging
1318,stinking
1319,stirring
1320,stitching
1321,stomping
1322,stopping
1323,storing
1324,straightening
1325,strangling
1326,strapping
1327,strategizing
1328,streamlining
1329,strengthening
1330,stretching
1331,striding
1332,striking
1333,stringing
1334,stripping
1335,striving
1336,stroking
1337,striking
1338,structuring
1339,stubbing
1340,studying
1341,stuffing
1342,stumbling
1343,stunning
1344,subduing
1345,subletting
1346,submerging
1347,submitting
1348,substantiating
1349,substituting
1350,subtracting
1351,succeeding
1352,sucking
1353,suffering
1354,suggesting
1355,suiting
1356,summarizing
1357,summonning
1358,supervising
1359,supplying
1360,supporting
1361,supposing
1362,surpassing
1363,surprising
1364,surrendering
1365,surrounding
1366,surveying
1367,suspecting
1368,suspending
1369,sustaining
1370,swaggering
1371,swallowing
1372,swapping
1373,swaying
1374,swearing
1375,sweating
1376,sweeping
1377,swelling
1378,swerving
1379,swimming
1380,swinging
1381,swiping
1382,switching
1383,symbolizing
1384,synthesizing
1385,systematizing
1386,systemizing
1387,tabulating
1388,tackling
1389,tailing
1390,taking
1391,talking
1392,taming
1393,tapping
1394,targeting
1395,tasting
1396,teaching
1397,taunting
1398,teaching
1399,tearing
1400,teasing
1401,telephoning
1402,telling
1403,tempting
1404,tending
1405,terminating
1406,terrifying
1407,terrorizing
1408,testing
1409,thanking
1410,thawing
1411,theorizing
1412,thinking
1413,thrashing
1414,threading
1415,threatening
1416,thriving
1417,throwing
1418,thrusting
1419,ticking
1420,tickling
1421,tying
1422,tilting
1423,timing
1424,tipping
1425,tiring
1426,tossing
1427,touching
1428,touring
1429,touting
1430,towing
1431,tracing
1432,tracking
1433,trading
1434,training
1435,transcribing
1436,transferring
1437,transforming
1438,translating
1439,transmitting
1440,transporting
1441,transposing
1442,trapping
1443,travelling
1444,treading
1445,treating
1446,trembling
1447,tricking
1448,tripping
1449,tripling
1450,trotting
1451,troubling
1452,troubleshooting
1453,troubleshotting
1454,trouncing
1455,trusting
1456,trying
1457,tucking
1458,tugging
1459,tumbling
1460,turning
1461,tutoring
1462,twisting
1463,typing
1464,uncovering
1465,undergoing
1466,understanding
1467,undertaking
1468,undertaking
1469,undoing
1470,undressing
1471,unfastening
1472,unfolding
1473,unifying
1474,uniting
1475,unlocking
1476,unpacking
1477,untangling
1478,untidying
1479,unveiling
1480,unwinding
1481,updating
1482,upgrading
1483,upholding
1484,upholding
1485,upsetting
1486,using
1487,ushering
1488,utilizing
1489,vacating
1490,validating
1491,valuing
1492,vanishing
1493,vanquishing
1494,vaulting
1495,venting
1496,verbalizing
1497,verifying
1498,vexing
1499,viewing
1500,violating
1501,visiting
1502,visualizing
1503,vitalizing
1504,volunteering
1505,wading
1506,wailing
1507,waiting
1508,waking
1509,walking
1510,wandering
1511,wanting
1512,warding
1513,warming
1514,warning
1515,washing
1516,wasting
1517,watching
1518,watering
1519,waving
1520,wearing
1521,weaving
1522,wedding
1523,wedging
1524,weeding
1525,weeping
1526,weighing
1527,welcoming
1528,wending
1529,wetting
1530,whacking
1531,whining
1532,whipping
1533,whirling
1534,whispering
1535,whistling
1536,widening
1537,wielding
1538,wiggling
1539,winning
1540,winding
1541,winking
1542,wiping
1543,wishing
1544,withdrawing
1545,withholding
1546,withstanding
1547,witnessing
1548,wobbling
1549,wondering
1550,working
1551,worrying
1552,wrapping
1553,wrecking
1554,wrenching
1555,wrestling
1556,wriggling
1557,wringing
1558,writing
1559,x-raying
1560,xeroxing
1561,yanking
1562,yawning
1563,yelling
1564,yelping
1565,yielding
1566,zapping
1567,zipping
1568,zooming
1569,abducted
1570,abode
1571,abolished
1572,absconded
1573,abused
1574,accelerated
1575,accepted
1576,accommodated
1577,accomplished
1578,accumulated
1579,accused
1580,achieved
1581,acquired
1582,acted
1583,activated
1584,adapted
1585,added
1586,addrest
1587,adjusted
1588,administered
1589,admired
1590,admitted
1591,adopted
1592,advanced
1593,advertised
1594,advised
1595,advocated
1596,afforded
1597,agreed
1598,aided
1599,aided
1600,aimed
1601,alerted
1602,alighted
1603,aligned
1604,allocated
1605,allowed
1606,altered
1607,amended
1608,amused
1609,analyzed
1610,announced
1611,annoyed
1612,answered
1613,anticipated
1614,apologized
1615,appeared
1616,applauded
1617,applied
1618,appointed
1619,appraised
1620,appreciated
1621,apprehended
1622,approached
1623,appropriated
1624,approved
1625,arbitrated
1626,argued
1627,arose
1628,arranged
1629,arrested
1630,arrived
1631,articulated
1632,ascertained
1633,asked
1634,assaulted
1635,assembled
1636,assessed
1637,assigned
1638,assisted
1639,assumed
1640,assured
1641,attached
1642,attacked
1643,attained
1644,attempted
1645,attended
1646,attracted
1647,audited
1648,augmented
1649,authorred
1650,authorized
1651,automated
1652,averted
1653,avoided
1654,awoke
1655,awarded
1656,backed
1657,baked
1658,balanced
1659,banned
1660,banged
1661,barred
1662,bared
1663,bargained
1664,batted
1665,bathed
1666,battled
1667,was
1668,beamed
1669,beared
1670,beat
1671,became
1672,begged
1673,began
1674,behaved
1675,beheld
1676,belonged
1677,bent
1678,berated
1679,beset
1680,betted
1681,bid
1682,binded
1683,bited
1684,blasted
1685,bleached
1686,bled
1687,blest
1688,blinded
1689,blinked
1690,blocked
1691,blotted
1692,blew
1693,blushed
1694,boasted
1695,boiled
1696,bolstered
1697,bolted
1698,bombed
1699,booked
1700,boosted
1701,bored
1702,borrowed
1703,bought
1704,bounced
1705,bowed
1706,boxed
1707,braked
1708,branched
1709,broke
1710,breathed
1711,bred
1712,briefed
1713,brightened
1714,brought
1715,broadcasted
1716,broadened
1717,broke
1718,bruised
1719,brushed
1720,bubbled
1721,bucked
1722,budgeted
1723,built
1724,built
1725,bumped
1726,burnt
1727,burst
1728,buried
1729,bushwhacked
1730,busted
1731,bought
1732,buzzed
1733,calculated
1734,calibrated
1735,called
1736,camped
1737,canvassed
1738,captured
1739,cared
1740,carried
1741,carved
1742,cast
1743,catalogged
1744,catalogued
1745,caught
1746,categorized
1747,catered
1748,centralized
1749,chaired
1750,challenged
1751,changed
1752,charged
1753,charted
1754,chased
1755,cheated
1756,checked
1757,cheered
1758,chewed
1759,choked
1760,chose
1761,chopped
1762,claimed
1763,clapped
1764,clarified
1765,clashed
1766,classified
1767,cleaned
1768,cleared
1769,climbed
1770,clung
1771,clipped
1772,closed
1773,clothed
1774,clutched
1775,coached
1776,coded
1777,coiled
1778,collaborated
1779,collapsed
1780,collared
1781,collated
1782,collected
1783,collided
1784,colorred
1785,combed
1786,combined
1787,came
1788,comforted
1789,commanded
1790,commandeered
1791,commenced
1792,communicated
1793,compared
1794,competed
1795,compiled
1796,complained
1797,completed
1798,composed
1799,computed
1800,conceived
1801,concentrated
1802,conceptualized
1803,concerned
1804,conciliated
1805,concluded
1806,condensed
1807,conducted
1808,conferred
1809,confessed
1810,confirmed
1811,confronted
1812,confused
1813,connected
1814,conserved
1815,considered
1816,consisted
1817,consolidated
1818,constructed
1819,consulted
1820,contacted
1821,contained
1822,continued
1823,contracted
1824,contributed
1825,controlled
1826,converted
1827,conveyed
1828,convinced
1829,cooperated
1830,cooperated
1831,coordinated
1832,copied
1833,corrected
1834,correlated
1835,corresponded
1836,cost
1837,coughed
1838,counselled
1839,counted
1840,covered
1841,cracked
1842,crammed
1843,crashed
1844,crawled
1845,created
1846,crept
1847,crippled
1848,critiqueed
1849,crossed
1850,crouched
1851,crushed
1852,cried
1853,cultivated
1854,cured
1855,curled
1856,curved
1857,customized
1858,cut
1859,cycled
1860,dammed
1861,damaged
1862,danced
1863,dared
1864,darted
1865,dashed
1866,dealt
1867,debated
1868,debugged
1869,decayed
1870,deceived
1871,decided
1872,decked
1873,decorated
1874,decreased
1875,dedicated
1876,deduced
1877,deducted
1878,defended
1879,deferred
1880,defined
1881,delayed
1882,delegated
1883,delighted
1884,delineated
1885,delivered
1886,demonstrated
1887,depended
1888,depicted
1889,depreciated
1890,derived
1891,descended
1892,described
1893,deserted
1894,deserved
1895,designed
1896,destroyed
1897,detailed
1898,detected
1899,determined
1900,developed
1901,devised
1902,devoted
1903,diagnosed
1904,diagrammed
1905,dictated
1906,differentiated
1907,dug
1908,directed
1909,disagreed
1910,disappeared
1911,disapproved
1912,disarmed
1913,discarded
1914,discharged
1915,disclosed
1916,discovered
1917,discriminated
1918,discussed
1919,disliked
1920,dispatched
1921,dispensed
1922,displayed
1923,disproved
1924,dissected
1925,disseminated
1926,distinguished
1927,distributed
1928,ditched
1929,dove
1930,diversified
1931,diverted
1932,divided
1933,did
1934,documented
1935,dodged
1936,dominated
1937,doped
1938,doubled
1939,doubted
1940,doused
1941,banked
1942,dragged
1943,drained
1944,dramatized
1945,draped
1946,drew
1947,dreamt
1948,dressed
1949,drew
1950,drilled
1951,drank
1952,dripped
1953,drove
1954,dropped
1955,drowned
1956,drugged
1957,drummed
1958,dried
1959,duelled
1960,dunked
1961,dusted
1962,dwelt
1963,earned
1964,eased
1965,ate
1966,edged
1967,edited
1968,educated
1969,effected
1970,ejected
1971,elected
1972,elevated
1973,elicited
1974,eliminated
1975,eloped
1976,eluded
1977,embarrassed
1978,emerged
1979,emphasized
1980,employed
1981,emptied
1982,enabled
1983,enacted
1984,encouraged
1985,ended
1986,endured
1987,enforced
1988,engaged
1989,engineered
1990,enhanced
1991,enjoined
1992,enjoyed
1993,enlarged
1994,enlightened
1995,enlisted
1996,enriched
1997,ensnared
1998,ensured
1999,entered
2000,entertained
2001,enumerated
2002,equipped
2003,erupted
2004,scaped
2005,established
2006,estimated
2007,evacuated
2008,evaded
2009,evaluated
2010,evicted
2011,examined
2012,exceeded
2013,exchanged
2014,excited
2015,excused
2016,executed
2017,exercised
2018,exerted
2019,exhaled
2020,exhibited
2021,existed
2022,exited
2023,expanded
2024,expected
2025,expedited
2026,expelled
2027,experimented
2028,explained
2029,exploded
2030,explored
2031,exposed
2032,expressed
2033,extended
2034,extirpated
2035,extracted
2036,extrapolated
2037,extricated
2038,fabricated
2039,faced
2040,facilitated
2041,faded
2042,failed
2043,faked
2044,fell
2045,faltered
2046,familiarized
2047,fanned
2048,fancied
2049,fashioned
2050,fasted
2051,fastened
2052,faxed
2053,feared
2054,feed
2055,felt
2056,fenced
2057,fended
2058,fetched
2059,fought
2060,filed
2061,filled
2062,filmed
2063,filtered
2064,finalized
2065,financed
2066,found
2067,fine-tuned
2068,fingered
2069,fired
2070,fitted
2071,fixed
2072,flagged
2073,flapped
2074,flashed
2075,flattened
2076,flaunted
2077,flayed
2078,fled
2079,flicked
2080,flinched
2081,flung
2082,flipped
2083,flitted
2084,floated
2085,flogged
2086,flooded
2087,floundered
2088,flouted
2089,flowed
2090,flowered
2091,flushed
2092,flew
2093,focussed
2094,folded
2095,followed
2096,fondled
2097,fooled
2098,forbade
2099,forced
2100,forecasted
2101,foregoed
2102,foresaw
2103,foretold
2104,forgot
2105,forgave
2106,formed
2107,formulated
2108,fornicated
2109,forsook
2110,fortified
2111,forwarded
2112,fostered
2113,found
2114,framed
2115,froze
2116,frightened
2117,fried
2118,fumbled
2119,funded
2120,furnished
2121,furthered
2122,gained
2123,galloped
2124,gathered
2125,gauged
2126,gazed
2127,generated
2128,gestured
2129,got
2130,gave
2131,glowed
2132,glued
2133,gnawn
2134,went
2135,gossipped
2136,gouged
2137,governed
2138,grabbed
2139,graded
2140,graduated
2141,granted
2142,grappled
2143,grasped
2144,grated
2145,greased
2146,greeted
2147,grinned
2148,ground
2149,gript
2150,griped
2151,groaned
2152,groped
2153,grew
2154,growled
2155,grunted
2156,guaranteed
2157,guarded
2158,guessed
2159,guided
2160,gyrated
2161,hacked
2162,hailed
2163,hammered
2164,handed
2165,handled
2166,handwrited
2167,hung
2168,happened
2169,harassed
2170,harmed
2171,hated
2172,hauled
2173,haunted
2174,headed
2175,healed
2176,heaped
2177,heard
2178,het
2179,helped
2180,hesitated
2181,hid
2182,highlighted
2183,hijacked
2184,hired
2185,hit
2186,hitched
2187,hobbled
2188,hoisted
2189,held
2190,hooked
2191,hopped
2192,hoped
2193,hosted
2194,hovered
2195,hugged
2196,hummed
2197,hunted
2198,hurled
2199,hurried
2200,hurt
2201,hurtled
2202,hypothesized
2203,identified
2204,ignored
2205,illustrated
2206,imagined
2207,imitated
2208,imparted
2209,implemented
2210,imported
2211,impressed
2212,improved
2213,improvised
2214,inched
2215,included
2216,incorporated
2217,increased
2218,indexed
2219,indicted
2220,individualized
2221,induced
2222,inflicted
2223,influenced
2224,informed
2225,initiated
2226,injected
2227,injured
2228,inlaid
2229,innovated
2230,inputted
2231,inserted
2232,inspected
2233,inspired
2234,installed
2235,instigated
2236,instituted
2237,instructed
2238,insured
2239,integrated
2240,intended
2241,intensified
2242,interacted
2243,interchanged
2244,interested
2245,interfaced
2246,interfered
2247,interlaid
2248,interpreted
2249,interrupted
2250,intervened
2251,interviewed
2252,introduced
2253,invaded
2254,invented
2255,inventoried
2256,investigated
2257,invited
2258,involved
2259,irritated
2260,isolated
2261,itched
2262,jabbed
2263,jailed
2264,jammed
2265,jarred
2266,jeered
2267,jerked
2268,jimmied
2269,jingled
2270,jogged
2271,joined
2272,joked
2273,jolted
2274,judged
2275,juggled
2276,jumped
2277,justified
2278,keeled
2279,kept
2280,kept
2281,kibitzed
2282,kicked
2283,kidnapped
2284,killed
2285,kissed
2286,knelt
2287,knifed
2288,knitted
2289,knocked
2290,knotted
2291,knew
2292,labelled
2293,landed
2294,lashed
2295,laughed
2296,launched
2297,layed
2298,led
2299,led
2300,leant
2301,leapt
2302,learnt
2303,leaved
2304,lectured
2305,left
2306,lent
2307,let
2308,levelled
2309,licensed
2310,licked
2311,lied
2312,lifted
2313,lighted
2314,lightened
2315,limped
2316,liquidated
2317,listed
2318,listened
2319,litigated
2320,lived
2321,loaded
2322,lobbied
2323,localized
2324,located
2325,locked
2326,logged
2327,longed
2328,looked
2329,lost
2330,loved
2331,lunged
2332,lurched
2333,maimed
2334,maintained
2335,made
2336,manned
2337,managed
2338,mangled
2339,manipulated
2340,manufactured
2341,mapped
2342,marched
2343,marked
2344,marketed
2345,married
2346,massaged
2347,mastered
2348,matched
2349,mated
2350,mattered
2351,mauled
2352,maximized
2353,meant
2354,measured
2355,mechanized
2356,meddled
2357,mediated
2358,met
2359,melted
2360,melted
2361,memorized
2362,mended
2363,mentorred
2364,merged
2365,methodized
2366,milked
2367,mimicked
2368,mined
2369,mingled
2370,minimized
2371,misled
2372,missed
2373,misspelt
2374,mistook
2375,misunderstood
2376,mixed
2377,moaned
2378,mobilized
2379,mocked
2380,modelled
2381,moderated
2382,modernized
2383,modified
2384,molested
2385,monitored
2386,moored
2387,motivated
2388,mourned
2389,moved
2390,mowed
2391,muddled
2392,mugged
2393,multiplied
2394,mumbled
2395,murdered
2396,mustered
2397,mutilated
2398,nabbed
2399,nagged
2400,nailed
2401,named
2402,narrated
2403,navigated
2404,needled
2405,negotiated
2406,nested
2407,nicked
2408,nipped
2409,nodded
2410,nominated
2411,normalized
2412,noted
2413,noticed
2414,notified
2415,numbed
2416,nursed
2417,nurtured
2418,obeyed
2419,objected
2420,observed
2421,obtained
2422,occupied
2423,occurred
2424,offended
2425,offered
2426,officiated
2427,offset
2428,opened
2429,operated
2430,orchestrated
2431,ordered
2432,organized
2433,oriented
2434,orientated
2435,originated
2436,outlined
2437,overcame
2438,overdid
2439,overdrew
2440,overflowed
2441,overhauled
2442,overheard
2443,oversaw
2444,oversaw
2445,overtook
2446,overthrew
2447,owed
2448,owned
2449,packed
2450,packaged
2451,paddled
2452,paged
2453,painted
2454,pandered
2455,panicked
2456,parachuted
2457,paraded
2458,paralyzed
2459,parked
2460,parried
2461,parted
2462,participated
2463,partied
2464,passed
2465,pasted
2466,patted
2467,patrolled
2468,paused
2469,pawed
2470,payed
2471,pecked
2472,pedaled
2473,peeled
2474,peeped
2475,penetrated
2476,perceived
2477,perfected
2478,performed
2479,permitted
2480,persuaded
2481,phoned
2482,photographed
2483,picked
2484,picketed
2485,piled
2486,piloted
2487,pinned
2488,pinched
2489,pined
2490,pinpointed
2491,pioneered
2492,pirated
2493,pitched
2494,placated
2495,placed
2496,planned
2497,planted
2498,played
2499,pled
2500,pleased
2501,plodded
2502,plowed
2503,pluged
2504,plunged
2505,pocketed
2506,pointed
2507,poked
2508,polished
2509,popped
2510,pored
2511,posed
2512,possessed
2513,posted
2514,pounced
2515,poured
2516,pouted
2517,practiced
2518,praised
2519,prayed
2520,preached
2521,preceded
2522,predicted
2523,preened
2524,preferred
2525,prepared
2526,prescribed
2527,presented
2528,preserved
2529,presetted
2530,presided
2531,pressed
2532,pretended
2533,prevented
2534,pricked
2535,primped
2536,printed
2537,prioritized
2538,probed
2539,processed
2540,procured
2541,prodded
2542,produced
2543,professed
2544,programmed
2545,progressed
2546,projected
2547,promised
2548,promoted
2549,prompted
2550,proofread
2551,propelled
2552,proposed
2553,protected
2554,proved
2555,provided
2556,provoked
2557,pried
2558,publicized
2559,published
2560,pulled
2561,pummelled
2562,pumped
2563,punched
2564,punctured
2565,punished
2566,purchased
2567,pursued
2568,pushed
2569,put
2570,qualified
2571,quantified
2572,questioned
2573,queueed
2574,quitted
2575,quoth
2576,raced
2577,radiated
2578,raided
2579,rained
2580,raised
2581,rallied
2582,rammed
2583,ran
2584,ranked
2585,ransacked
2586,raped
2587,rated
2588,rattled
2589,ravaged
2590,raved
2591,reached
2592,read
2593,realigned
2594,realized
2595,reasoned
2596,recalled
2597,received
2598,reclined
2599,recognized
2600,recommended
2601,reconciled
2602,reconnoiterred
2603,recorded
2604,recouped
2605,recreated
2606,recruited
2607,rectified
2608,redeemed
2609,reduced
2610,reeled
2611,referred
2612,refined
2613,reflected
2614,refused
2615,regained
2616,registered
2617,regretted
2618,regulated
2619,rehabilitated
2620,reigned
2621,reinforced
2622,rejected
2623,rejoiced
2624,rejoined
2625,related
2626,relaxed
2627,released
2628,relented
2629,relied
2630,remained
2631,remembered
2632,reminded
2633,remodeled
2634,removed
2635,rendered
2636,renewed
2637,reorganized
2638,repaired
2639,repeated
2640,repelled
2641,replaced
2642,replied
2643,reported
2644,represented
2645,reproduced
2646,repulsed
2647,requested
2648,rescued
2649,researched
2650,reserved
2651,resigned
2652,resisted
2653,resolved
2654,responded
2655,restored
2656,restricted
2657,restructured
2658,retained
2659,retaliated
2660,retired
2661,retreated
2662,retrieved
2663,returned
2664,revamped
2665,revealed
2666,reviewed
2667,revised
2668,revitalized
2669,rhymed
2670,ridded
2671,rode
2672,rung
2673,rinsed
2674,ripped
2675,rose
2676,risked
2677,robbed
2678,rocked
2679,rolled
2680,rotted
2681,routed
2682,rubbed
2683,ruined
2684,ruled
2685,ran
2686,rushed
2687,sacked
2688,sailed
2689,saluted
2690,sampled
2691,sapped
2692,satisfied
2693,saved
2694,saw
2695,said
2696,scaled
2697,scampered
2698,scanned
2699,scared
2700,scattered
2701,scavenged
2702,scheduled
2703,scolded
2704,scooped
2705,scooted
2706,scorched
2707,scored
2708,scoured
2709,scouted
2710,scraped
2711,scratched
2712,scrawled
2713,screamed
2714,screened
2715,screwed
2716,scribbled
2717,scripted
2718,scrubbed
2719,scruffed
2720,scrutinized
2721,scuffled
2722,sculpted
2723,scuttled
2724,sealed
2725,searched
2726,secured
2727,seduced
2728,saw
2729,sought
2730,segmented
2731,seized
2732,selected
2733,sold
2734,sent
2735,sensed
2736,separated
2737,served
2738,serviced
2739,set
2740,settled
2741,severed
2742,sewed
2743,shaded
2744,shook
2745,shanghaied
2746,shaped
2747,shared
2748,sharpened
2749,shaved
2750,sheared
2751,shed
2752,shelled
2753,sheltered
2754,shielded
2755,shifted
2756,shone
2757,shivered
2758,shocked
2759,shod
2760,shot
2761,shopped
2762,shortened
2763,shouted
2764,shoved
2765,shovelled
2766,showed
2767,shrunk
2768,shrugged
2769,shunned
2770,shut
2771,sidestepped
2772,sighed
2773,signed
2774,signalled
2775,simplified
2776,simulated
2777,sinned
2778,sung
2779,sunk
2780,sipped
2781,sat
2782,sized
2783,sketched
2784,skied
2785,skidded
2786,skimmed
2787,skipped
2788,skirted
2789,slackened
2790,slammed
2791,slapped
2792,slashed
2793,slew
2794,slept
2795,slid
2796,slung
2797,slunk
2798,slipped
2799,slit
2800,slowed
2801,slugged
2802,smacked
2803,smashed
2804,smeared
2805,smelt
2806,smiled
2807,smited
2808,smoked
2809,smuggled
2810,snapped
2811,snared
2812,snarled
2813,snatched
2814,snuck
2815,sneezed
2816,snickered
2817,sniffed
2818,snitched
2819,snooped
2820,snored
2821,snowed
2822,snubbed
2823,snuffed
2824,snuggled
2825,soaked
2826,socked
2827,soiled
2828,sold
2829,solicited
2830,solved
2831,soothed
2832,soothsaid
2833,sorted
2834,sounded
2835,sowed
2836,spared
2837,sparked
2838,sparkled
2839,spoke
2840,speared
2841,spearheaded
2842,specialized
2843,specified
2844,speeded
2845,spelt
2846,spent
2847,spiked
2848,spilt
2849,spun
2850,spit
2851,splattered
2852,spliced
2853,split
2854,spoilt
2855,spoke
2856,spotted
2857,sprayed
2858,spread
2859,sprung
2860,sprinted
2861,sprouted
2862,spurned
2863,spied
2864,squashed
2865,squeaked
2866,squealed
2867,squeezed
2868,stacked
2869,staged
2870,staggered
2871,stained
2872,stamped
2873,stood
2874,standardized
2875,stared
2876,started
2877,startled
2878,stayed
2879,stole
2880,steered
2881,stepped
2882,stuck
2883,stiffened
2884,stifled
2885,stimulated
2886,stung
2887,stinked
2888,stirred
2889,stitched
2890,stomped
2891,stopped
2892,stored
2893,straightened
2894,strangled
2895,strapped
2896,strategized
2897,streamlined
2898,strengthened
2899,stretched
2900,strode
2901,struck
2902,strung
2903,stripped
2904,strove
2905,stroked
2906,struck
2907,structured
2908,stubbed
2909,studied
2910,stuffed
2911,stumbled
2912,stunned
2913,subdued
2914,sublet
2915,submerged
2916,submitted
2917,substantiated
2918,substituted
2919,subtracted
2920,succeeded
2921,sucked
2922,suffered
2923,suggested
2924,suited
2925,summarized
2926,summonned
2927,supervised
2928,supplied
2929,supported
2930,supposed
2931,surpassed
2932,surprised
2933,surrendered
2934,surrounded
2935,surveyed
2936,suspected
2937,suspended
2938,sustained
2939,swaggered
2940,swallowed
2941,swopped
2942,swayed
2943,swore
2944,sweated
2945,swept
2946,swelled
2947,swerved
2948,swam
2949,swung
2950,swiped
2951,switched
2952,symbolized
2953,synthesized
2954,systematized
2955,systemized
2956,tabulated
2957,tackled
2958,tailed
2959,took
2960,talked
2961,tamed
2962,tapped
2963,targeted
2964,tasted
2965,taught
2966,taunted
2967,taught
2968,tore
2969,teased
2970,telephoned
2971,told
2972,tempted
2973,tended
2974,terminated
2975,terrified
2976,terrorized
2977,tested
2978,thanked
2979,thawed
2980,theorized
2981,thought
2982,thrashed
2983,threaded
2984,threatened
2985,thrived
2986,threw
2987,thrust
2988,ticked
2989,tickled
2990,tied
2991,tilted
2992,timed
2993,tipped
2994,tired
2995,tossed
2996,touched
2997,toured
2998,touted
2999,towed
3000,traced
3001,tracked
3002,traded
3003,trained
3004,transcribed
3005,transferred
3006,transformed
3007,translated
3008,transmitted
3009,transported
3010,transposed
3011,trapped
3012,travelled
3013,trod
3014,treated
3015,trembled
3016,tricked
3017,tripped
3018,tripled
3019,trotted
3020,troubled
3021,troubleshooted
3022,troubleshotted
3023,trounced
3024,trusted
3025,tried
3026,tucked
3027,tugged
3028,tumbled
3029,turned
3030,tutored
3031,twisted
3032,typed
3033,uncovered
3034,underwent
3035,understood
3036,undertook
3037,undertook
3038,undid
3039,undressed
3040,unfastened
3041,unfolded
3042,unified
3043,united
3044,unlocked
3045,unpacked
3046,untangled
3047,untidied
3048,unveiled
3049,unwound
3050,updated
3051,upgraded
3052,upheld
3053,upheld
3054,upset
3055,used
3056,ushered
3057,utilized
3058,vacated
3059,validated
3060,valued
3061,vanished
3062,vanquished
3063,vaulted
3064,vented
3065,verbalized
3066,verified
3067,vexed
3068,viewed
3069,violated
3070,visited
3071,visualized
3072,vitalized
3073,volunteered
3074,waded
3075,wailed
3076,waited
3077,woke
3078,walked
3079,wandered
3080,wanted
3081,warded
3082,warmed
3083,warned
3084,washed
3085,wasted
3086,watched
3087,watered
3088,waved
3089,wore
3090,wove
3091,wedded
3092,wedged
3093,weeded
3094,wept
3095,weighed
3096,welcomed
3097,wended
3098,wetted
3099,whacked
3100,whined
3101,whipped
3102,whirled
3103,whispered
3104,whistled
3105,widened
3106,wielded
3107,wiggled
3108,won
3109,wound
3110,winked
3111,wiped
3112,wished
3113,withdrew
3114,withheld
3115,withstood
3116,witnessed
3117,wobbled
3118,wondered
3119,worked
3120,worried
3121,wrapped
3122,wrecked
3123,wrenched
3124,wrestled
3125,wriggled
3126,wrung
3127,wrote
3128,x-rayed
3129,xeroxed
3130,yanked
3131,yawned
3132,yelled
3133,yelped
3134,yielded
3135,zapped
3136,zipped
3137,zoomed
3138,abduct
3139,abide
3140,abolish
3141,abscond
3142,abuse
3143,accelerate
3144,accept
3145,accommodate
3146,accomplish
3147,accumulate
3148,accuse
3149,achieve
3150,acquire
3151,act
3152,activate
3153,adapt
3154,add
3155,address
3156,adjust
3157,administer
3158,admire
3159,admit
3160,adopt
3161,advance
3162,advertise
3163,advise
3164,advocate
3165,afford
3166,agree
3167,aid
3168,aide
3169,aim
3170,alert
3171,alight
3172,align
3173,allocate
3174,allow
3175,alter
3176,amend
3177,amuse
3178,analyze
3179,announce
3180,annoy
3181,answer
3182,anticipate
3183,apologize
3184,appear
3185,applaud
3186,apply
3187,appoint
3188,appraise
3189,appreciate
3190,apprehend
3191,approach
3192,appropriate
3193,approve
3194,arbitrate
3195,argue
3196,arise
3197,arrange
3198,arrest
3199,arrive
3200,articulate
3201,ascertain
3202,ask
3203,assault
3204,assemble
3205,assess
3206,assign
3207,assist
3208,assume
3209,assure
3210,attach
3211,attack
3212,attain
3213,attempt
3214,attend
3215,attract
3216,audit
3217,augment
3218,author
3219,authorize
3220,automate
3221,avert
3222,avoid
3223,awake
3224,award
3225,back
3226,bake
3227,balance
3228,ban
3229,bang
3230,bar
3231,bare
3232,bargain
3233,bat
3234,bathe
3235,battle
3236,be
3237,beam
3238,bear
3239,beat
3240,become
3241,beg
3242,begin
3243,behave
3244,behold
3245,belong
3246,bend
3247,berate
3248,beset
3249,bet
3250,bid
3251,bind
3252,bite
3253,blast
3254,bleach
3255,bleed
3256,bless
3257,blind
3258,blink
3259,block
3260,blot
3261,blow
3262,blush
3263,boast
3264,boil
3265,bolster
3266,bolt
3267,bomb
3268,book
3269,boost
3270,bore
3271,borrow
3272,bought
3273,bounce
3274,bow
3275,box
3276,brake
3277,branch
3278,break
3279,breathe
3280,breed
3281,brief
3282,brighten
3283,bring
3284,broadcast
3285,broaden
3286,broke
3287,bruise
3288,brush
3289,bubble
3290,buck
3291,budget
3292,build
3293,built
3294,bump
3295,burn
3296,burst
3297,bury
3298,bushwhack
3299,bust
3300,buy
3301,buzz
3302,calculate
3303,calibrate
3304,call
3305,camp
3306,canvass
3307,capture
3308,care
3309,carry
3310,carve
3311,cast
3312,catalog
3313,catalogue
3314,catch
3315,categorize
3316,cater
3317,centralize
3318,chair
3319,challenge
3320,change
3321,charge
3322,chart
3323,chase
3324,cheat
3325,check
3326,cheer
3327,chew
3328,choke
3329,choose
3330,chop
3331,claim
3332,clap
3333,clarify
3334,clash
3335,classify
3336,clean
3337,clear
3338,climb
3339,cling
3340,clip
3341,close
3342,clothe
3343,clutch
3344,coach
3345,code
3346,coil
3347,collaborate
3348,collapse
3349,collar
3350,collate
3351,collect
3352,collide
3353,color
3354,comb
3355,combine
3356,come
3357,comfort
3358,command
3359,commandeer
3360,commence
3361,communicate
3362,compare
3363,compete
3364,compile
3365,complain
3366,complete
3367,compose
3368,compute
3369,conceive
3370,concentrate
3371,conceptualize
3372,concern
3373,conciliate
3374,conclude
3375,condense
3376,conduct
3377,confer
3378,confess
3379,confirm
3380,confront
3381,confuse
3382,connect
3383,conserve
3384,consider
3385,consist
3386,consolidate
3387,construct
3388,consult
3389,contact
3390,contain
3391,continue
3392,contract
3393,contribute
3394,control
3395,convert
3396,convey
3397,convince
3398,cooperate
3399,cooperate
3400,coordinate
3401,copy
3402,correct
3403,correlate
3404,correspond
3405,cost
3406,cough
3407,counsel
3408,count
3409,cover
3410,crack
3411,cram
3412,crash
3413,crawl
3414,create
3415,creep
3416,cripple
3417,critique
3418,cross
3419,crouch
3420,crush
3421,cry
3422,cultivate
3423,cure
3424,curl
3425,curve
3426,customize
3427,cut
3428,cycle
3429,dam
3430,damage
3431,dance
3432,dare
3433,dart
3434,dash
3435,deal
3436,debate
3437,debug
3438,decay
3439,deceive
3440,decide
3441,deck
3442,decorate
3443,decrease
3444,dedicate
3445,deduce
3446,deduct
3447,defend
3448,defer
3449,define
3450,delay
3451,delegate
3452,delight
3453,delineate
3454,deliver
3455,demonstrate
3456,depend
3457,depict
3458,depreciate
3459,derive
3460,descend
3461,describe
3462,desert
3463,deserve
3464,design
3465,destroy
3466,detail
3467,detect
3468,determine
3469,develop
3470,devise
3471,devote
3472,diagnose
3473,diagram
3474,dictate
3475,differentiate
3476,dig
3477,direct
3478,disagree
3479,disappear
3480,disapprove
3481,disarm
3482,discard
3483,discharge
3484,disclose
3485,discover
3486,discriminate
3487,discuss
3488,dislike
3489,dispatch
3490,dispense
3491,display
3492,disprove
3493,dissect
3494,disseminate
3495,distinguish
3496,distribute
3497,ditch
3498,dive
3499,diversify
3500,divert
3501,divide
3502,do
3503,document
3504,dodge
3505,dominate
3506,dope
3507,double
3508,doubt
3509,douse
3510,draft
3511,drag
3512,drain
3513,dramatize
3514,drape
3515,draw
3516,dream
3517,dress
3518,drew
3519,drill
3520,drink
3521,drip
3522,drive
3523,drop
3524,drown
3525,drug
3526,drum
3527,dry
3528,duel
3529,dunk
3530,dust
3531,dwell
3532,earn
3533,ease
3534,eat
3535,edge
3536,edit
3537,educate
3538,effect
3539,eject
3540,elect
3541,elevate
3542,elicit
3543,eliminate
3544,elope
3545,elude
3546,embarrass
3547,emerge
3548,emphasize
3549,employ
3550,empty
3551,enable
3552,enact
3553,encourage
3554,end
3555,endure
3556,enforce
3557,engage
3558,engineer
3559,enhance
3560,enjoin
3561,enjoy
3562,enlarge
3563,enlighten
3564,enlist
3565,enrich
3566,ensnare
3567,ensure
3568,enter
3569,entertain
3570,enumerate
3571,equip
3572,erupt
3573,escape
3574,establish
3575,estimate
3576,evacuate
3577,evade
3578,evaluate
3579,evict
3580,examine
3581,exceed
3582,exchange
3583,excite
3584,excuse
3585,execute
3586,exercise
3587,exert
3588,exhale
3589,exhibit
3590,exist
3591,exit
3592,expand
3593,expect
3594,expedite
3595,expel
3596,experiment
3597,explain
3598,explode
3599,explore
3600,expose
3601,express
3602,extend
3603,extirpate
3604,extract
3605,extrapolate
3606,extricate
3607,fabricate
3608,face
3609,facilitate
3610,fade
3611,fail
3612,fake
3613,fall
3614,falter
3615,familiarize
3616,fan
3617,fancy
3618,fashion
3619,fast
3620,fasten
3621,fax
3622,fear
3623,feed
3624,feel
3625,fence
3626,fend
3627,fetch
3628,fight
3629,file
3630,fill
3631,film
3632,filter
3633,finalize
3634,finance
3635,find
3636,fine-tune
3637,finger
3638,fire
3639,fit
3640,fix
3641,flag
3642,flap
3643,flash
3644,flatten
3645,flaunt
3646,flay
3647,flee
3648,flick
3649,flinch
3650,fling
3651,flip
3652,flit
3653,float
3654,flog
3655,flood
3656,flounder
3657,flout
3658,flow
3659,flower
3660,flush
3661,fly
3662,focus
3663,fold
3664,follow
3665,fondle
3666,fool
3667,forbid
3668,force
3669,forecast
3670,forego
3671,foresee
3672,foretell
3673,forget
3674,forgive
3675,form
3676,formulate
3677,fornicate
3678,forsake
3679,fortify
3680,forward
3681,foster
3682,found
3683,frame
3684,freeze
3685,frighten
3686,fry
3687,fumble
3688,fund
3689,furnish
3690,further
3691,gain
3692,gallop
3693,gather
3694,gauge
3695,gaze
3696,generate
3697,gesture
3698,get
3699,give
3700,glow
3701,glue
3702,gnaw
3703,go
3704,gossip
3705,gouge
3706,govern
3707,grab
3708,grade
3709,graduate
3710,grant
3711,grapple
3712,grasp
3713,grate
3714,grease
3715,greet
3716,grin
3717,grind
3718,grip
3719,gripe
3720,groan
3721,grope
3722,grow
3723,growl
3724,grunt
3725,guarantee
3726,guard
3727,guess
3728,guide
3729,gyrate
3730,hack
3731,hail
3732,hammer
3733,hand
3734,handle
3735,handwrite
3736,hang
3737,happen
3738,harass
3739,harm
3740,hate
3741,haul
3742,haunt
3743,head
3744,heal
3745,heap
3746,hear
3747,heat
3748,help
3749,hesitate
3750,hide
3751,highlight
3752,hijack
3753,hire
3754,hit
3755,hitch
3756,hobble
3757,hoist
3758,hold
3759,hook
3760,hop
3761,hope
3762,host
3763,hover
3764,hug
3765,hum
3766,hunt
3767,hurl
3768,hurry
3769,hurt
3770,hurtle
3771,hypothesize
3772,identify
3773,ignore
3774,illustrate
3775,imagine
3776,imitate
3777,impart
3778,implement
3779,import
3780,impress
3781,improve
3782,improvise
3783,inch
3784,include
3785,incorporate
3786,increase
3787,index
3788,indict
3789,individualize
3790,induce
3791,inflict
3792,influence
3793,inform
3794,initiate
3795,inject
3796,injure
3797,inlay
3798,innovate
3799,input
3800,insert
3801,inspect
3802,inspire
3803,install
3804,instigate
3805,institute
3806,instruct
3807,insure
3808,integrate
3809,intend
3810,intensify
3811,interact
3812,interchange
3813,interest
3814,interface
3815,interfere
3816,interlay
3817,interpret
3818,interrupt
3819,intervene
3820,interview
3821,introduce
3822,invade
3823,invent
3824,inventory
3825,investigate
3826,invite
3827,involve
3828,irritate
3829,isolate
3830,itch
3831,jab
3832,jail
3833,jam
3834,jar
3835,jeer
3836,jerk
3837,jimmy
3838,jingle
3839,jog
3840,join
3841,joke
3842,jolt
3843,judge
3844,juggle
3845,jump
3846,justify
3847,keel
3848,keep
3849,kept
3850,kibitz
3851,kick
3852,kidnap
3853,kill
3854,kiss
3855,kneel
3856,knife
3857,knit
3858,knock
3859,knot
3860,know
3861,label
3862,land
3863,lash
3864,laugh
3865,launch
3866,lay
3867,lead
3868,lead
3869,lean
3870,leap
3871,learn
3872,leave
3873,lecture
3874,left
3875,lend
3876,let
3877,level
3878,license
3879,lick
3880,lie
3881,lift
3882,light
3883,lighten
3884,limp
3885,liquidate
3886,list
3887,listen
3888,litigate
3889,live
3890,load
3891,lobby
3892,localize
3893,locate
3894,lock
3895,log
3896,long
3897,look
3898,lose
3899,love
3900,lunge
3901,lurch
3902,maim
3903,maintain
3904,make
3905,man
3906,manage
3907,mangle
3908,manipulate
3909,manufacture
3910,map
3911,march
3912,mark
3913,market
3914,marry
3915,massage
3916,master
3917,match
3918,mate
3919,matter
3920,maul
3921,maximize
3922,mean
3923,measure
3924,mechanize
3925,meddle
3926,mediate
3927,meet
3928,melt
3929,melt
3930,memorize
3931,mend
3932,mentor
3933,merge
3934,methodize
3935,milk
3936,mimic
3937,mine
3938,mingle
3939,minimize
3940,mislead
3941,miss
3942,misspell
3943,mistake
3944,misunderstand
3945,mix
3946,moan
3947,mobilize
3948,mock
3949,model
3950,moderate
3951,modernize
3952,modify
3953,molest
3954,monitor
3955,moor
3956,motivate
3957,mourn
3958,move
3959,mow
3960,muddle
3961,mug
3962,multiply
3963,mumble
3964,murder
3965,muster
3966,mutilate
3967,nab
3968,nag
3969,nail
3970,name
3971,narrate
3972,navigate
3973,needle
3974,negotiate
3975,nest
3976,nick
3977,nip
3978,nod
3979,nominate
3980,normalize
3981,note
3982,notice
3983,notify
3984,number
3985,nurse
3986,nurture
3987,obey
3988,object
3989,observe
3990,obtain
3991,occupy
3992,occur
3993,offend
3994,offer
3995,officiate
3996,offset
3997,open
3998,operate
3999,orchestrate
4000,order
4001,organize
4002,orient
4003,orientate
4004,originate
4005,outline
4006,overcome
4007,overdo
4008,overdraw
4009,overflow
4010,overhaul
4011,overhear
4012,oversaw
4013,oversee
4014,overtake
4015,overthrow
4016,owe
4017,own
4018,pack
4019,package
4020,paddle
4021,page
4022,paint
4023,pander
4024,panic
4025,parachute
4026,parade
4027,paralyze
4028,park
4029,parry
4030,part
4031,participate
4032,party
4033,pass
4034,paste
4035,pat
4036,patrol
4037,pause
4038,paw
4039,pay
4040,peck
4041,pedal
4042,peel
4043,peep
4044,penetrate
4045,perceive
4046,perfect
4047,perform
4048,permit
4049,persuade
4050,phone
4051,photograph
4052,pick
4053,picket
4054,pile
4055,pilot
4056,pin
4057,pinch
4058,pine
4059,pinpoint
4060,pioneer
4061,pirate
4062,pitch
4063,placate
4064,place
4065,plan
4066,plant
4067,play
4068,plead
4069,please
4070,plod
4071,plow
4072,plug
4073,plunge
4074,pocket
4075,point
4076,poke
4077,polish
4078,pop
4079,pore
4080,pose
4081,possess
4082,post
4083,pounce
4084,pour
4085,pout
4086,practice
4087,praise
4088,pray
4089,preach
4090,precede
4091,predict
4092,preen
4093,prefer
4094,prepare
4095,prescribe
4096,present
4097,preserve
4098,preset
4099,preside
4100,press
4101,pretend
4102,prevent
4103,prick
4104,primp
4105,print
4106,prioritize
4107,probe
4108,process
4109,procure
4110,prod
4111,produce
4112,profess
4113,program
4114,progress
4115,project
4116,promise
4117,promote
4118,prompt
4119,proofread
4120,propel
4121,propose
4122,protect
4123,prove
4124,provide
4125,provoke
4126,pry
4127,publicize
4128,publish
4129,pull
4130,pummel
4131,pump
4132,punch
4133,puncture
4134,punish
4135,purchase
4136,pursue
4137,push
4138,put
4139,qualify
4140,quantify
4141,question
4142,queue
4143,quit
4144,quote
4145,race
4146,radiate
4147,raid
4148,rain
4149,raise
4150,rally
4151,ram
4152,ran
4153,rank
4154,ransack
4155,rape
4156,rate
4157,rattle
4158,ravage
4159,rave
4160,reach
4161,read
4162,realign
4163,realize
4164,reason
4165,recall
4166,receive
4167,recline
4168,recognize
4169,recommend
4170,reconcile
4171,reconnoiter
4172,record
4173,recoup
4174,recreate
4175,recruit
4176,rectify
4177,redeem
4178,reduce
4179,reel
4180,refer
4181,refine
4182,reflect
4183,refuse
4184,regain
4185,register
4186,regret
4187,regulate
4188,rehabilitate
4189,reign
4190,reinforce
4191,reject
4192,rejoice
4193,rejoin
4194,relate
4195,relax
4196,release
4197,relent
4198,rely
4199,remain
4200,remember
4201,remind
4202,remodel
4203,remove
4204,render
4205,renew
4206,reorganize
4207,repair
4208,repeat
4209,repel
4210,replace
4211,reply
4212,report
4213,represent
4214,reproduce
4215,repulse
4216,request
4217,rescue
4218,research
4219,reserve
4220,resign
4221,resist
4222,resolve
4223,respond
4224,restore
4225,restrict
4226,restructure
4227,retain
4228,retaliate
4229,retire
4230,retreat
4231,retrieve
4232,return
4233,revamp
4234,reveal
4235,review
4236,revise
4237,revitalize
4238,rhyme
4239,rid
4240,ride
4241,ring
4242,rinse
4243,rip
4244,rise
4245,risk
4246,rob
4247,rock
4248,roll
4249,rot
4250,route
4251,rub
4252,ruin
4253,rule
4254,run
4255,rush
4256,sack
4257,sail
4258,salute
4259,sample
4260,sap
4261,satisfy
4262,save
4263,saw
4264,say
4265,scale
4266,scamper
4267,scan
4268,scare
4269,scatter
4270,scavenge
4271,schedule
4272,scold
4273,scoop
4274,scoot
4275,scorch
4276,score
4277,scour
4278,scout
4279,scrape
4280,scratch
4281,scrawl
4282,scream
4283,screen
4284,screw
4285,scribble
4286,script
4287,scrub
4288,scruff
4289,scrutinize
4290,scuffle
4291,sculpt
4292,scuttle
4293,seal
4294,search
4295,secure
4296,seduce
4297,see
4298,seek
4299,segment
4300,seize
4301,select
4302,sell
4303,send
4304,sense
4305,separate
4306,serve
4307,service
4308,set
4309,settle
4310,sever
4311,sew
4312,shade
4313,shake
4314,shanghai
4315,shape
4316,share
4317,sharpen
4318,shave
4319,shear
4320,shed
4321,shell
4322,shelter
4323,shield
4324,shift
4325,shine
4326,shiver
4327,shock
4328,shoe
4329,shoot
4330,shop
4331,shorten
4332,shout
4333,shove
4334,shovel
4335,show
4336,shrink
4337,shrug
4338,shun
4339,shut
4340,sidestep
4341,sigh
4342,sign
4343,signal
4344,simplify
4345,simulate
4346,sin
4347,sing
4348,sink
4349,sip
4350,sit
4351,size
4352,sketch
4353,ski
4354,skid
4355,skim
4356,skip
4357,skirt
4358,slacken
4359,slam
4360,slap
4361,slash
4362,slay
4363,sleep
4364,slide
4365,sling
4366,slink
4367,slip
4368,slit
4369,slow
4370,slug
4371,smack
4372,smash
4373,smear
4374,smell
4375,smile
4376,smite
4377,smoke
4378,smuggle
4379,snap
4380,snare
4381,snarl
4382,snatch
4383,sneak
4384,sneeze
4385,snicker
4386,sniff
4387,snitch
4388,snoop
4389,snore
4390,snow
4391,snub
4392,snuff
4393,snuggle
4394,soak
4395,sock
4396,soil
4397,sold
4398,solicit
4399,solve
4400,soothe
4401,soothsay
4402,sort
4403,sound
4404,sow
4405,spare
4406,spark
4407,sparkle
4408,speak
4409,spear
4410,spearhead
4411,specialize
4412,specify
4413,speed
4414,spell
4415,spend
4416,spike
4417,spill
4418,spin
4419,spit
4420,splatter
4421,splice
4422,split
4423,spoil
4424,spoke
4425,spot
4426,spray
4427,spread
4428,spring
4429,sprint
4430,sprout
4431,spurn
4432,spy
4433,squash
4434,squeak
4435,squeal
4436,squeeze
4437,stack
4438,stage
4439,stagger
4440,stain
4441,stamp
4442,stand
4443,standardize
4444,stare
4445,start
4446,startle
4447,stay
4448,steal
4449,steer
4450,step
4451,stick
4452,stiffen
4453,stifle
4454,stimulate
4455,sting
4456,stink
4457,stir
4458,stitch
4459,stomp
4460,stop
4461,store
4462,straighten
4463,strangle
4464,strap
4465,strategize
4466,streamline
4467,strengthen
4468,stretch
4469,stride
4470,strike
4471,string
4472,strip
4473,strive
4474,stroke
4475,struck
4476,structure
4477,stub
4478,study
4479,stuff
4480,stumble
4481,stun
4482,subdue
4483,sublet
4484,submerge
4485,submit
4486,substantiate
4487,substitute
4488,subtract
4489,succeed
4490,suck
4491,suffer
4492,suggest
4493,suit
4494,summarize
4495,summon
4496,supervise
4497,supply
4498,support
4499,suppose
4500,surpass
4501,surprise
4502,surrender
4503,surround
4504,survey
4505,suspect
4506,suspend
4507,sustain
4508,swagger
4509,swallow
4510,swap
4511,sway
4512,swear
4513,sweat
4514,sweep
4515,swell
4516,swerve
4517,swim
4518,swing
4519,swipe
4520,switch
4521,symbolize
4522,synthesize
4523,systematize
4524,systemize
4525,tabulate
4526,tackle
4527,tail
4528,take
4529,talk
4530,tame
4531,tap
4532,target
4533,taste
4534,taught
4535,taunt
4536,teach
4537,tear
4538,tease
4539,telephone
4540,tell
4541,tempt
4542,tend
4543,terminate
4544,terrify
4545,terrorize
4546,test
4547,thank
4548,thaw
4549,theorize
4550,think
4551,thrash
4552,thread
4553,threaten
4554,thrive
4555,throw
4556,thrust
4557,tick
4558,tickle
4559,tie
4560,tilt
4561,time
4562,tip
4563,tire
4564,toss
4565,touch
4566,tour
4567,tout
4568,tow
4569,trace
4570,track
4571,trade
4572,train
4573,transcribe
4574,transfer
4575,transform
4576,translate
4577,transmit
4578,transport
4579,transpose
4580,trap
4581,travel
4582,tread
4583,treat
4584,tremble
4585,trick
4586,trip
4587,triple
4588,trot
4589,trouble
4590,troubleshoot
4591,troubleshot
4592,trounce
4593,trust
4594,try
4595,tuck
4596,tug
4597,tumble
4598,turn
4599,tutor
4600,twist
4601,type
4602,uncover
4603,undergo
4604,understand
4605,undertake
4606,undertook
4607,undo
4608,undress
4609,unfasten
4610,unfold
4611,unify
4612,unite
4613,unlock
4614,unpack
4615,untangle
4616,untidy
4617,unveil
4618,unwind
4619,update
4620,upgrade
4621,upheld
4622,uphold
4623,upset
4624,use
4625,usher
4626,utilize
4627,vacate
4628,validate
4629,value
4630,vanish
4631,vanquish
4632,vault
4633,vent
4634,verbalize
4635,verify
4636,vex
4637,view
4638,violate
4639,visit
4640,visualize
4641,vitalize
4642,volunteer
4643,wade
4644,wail
4645,wait
4646,wake
4647,walk
4648,wander
4649,want
4650,ward
4651,warm
4652,warn
4653,wash
4654,waste
4655,watch
4656,water
4657,wave
4658,wear
4659,weave
4660,wed
4661,wedge
4662,weed
4663,weep
4664,weigh
4665,welcome
4666,wend
4667,wet
4668,whack
4669,whine
4670,whip
4671,whirl
4672,whisper
4673,whistle
4674,widen
4675,wield
4676,wiggle
4677,win
4678,wind
4679,wink
4680,wipe
4681,wish
4682,withdraw
4683,withhold
4684,withstand
4685,witness
4686,wobble
4687,wonder
4688,work
4689,worry
4690,wrap
4691,wreck
4692,wrench
4693,wrestle
4694,wriggle
4695,wring
4696,write
4697,x-ray
4698,xerox
4699,yank
4700,yawn
4701,yell
4702,yelp
4703,yield
4704,zap
4705,zip
4706,zoom
